Workbook

Sheet DanhSachBaoCao
A1: Mã báo cáo | B1: Tên báo cáo | C1: Mã tác giả | D1: Tên tác giả | E1: Phòng trình bày | F1: Thù lao (VNĐ)
A2: BC001 | B2: Báo cáo mẫu 01 | C2: TG001 | D2: =IFERROR(VLOOKUP(TRIM(C2),DanhMucTacGia!$A$2:$E$81,2,FALSE),"Chưa cập nhật") -> Nguyễn Văn An | E2: =IFERROR(VLOOKUP(TRIM(C2),DanhMucTacGia!$A$2:$E$81,4,FALSE),"Chưa cập nhật") -> P.201-A | F2: =IFERROR(VLOOKUP(TRIM(C2),DanhMucTacGia!$A$2:$E$81,5,FALSE),"Chưa cập nhật") -> 500000
A3: BC002 | B3: Báo cáo mẫu 02 | C3: TG002 | D3: =IFERROR(VLOOKUP(TRIM(C3),DanhMucTacGia!$A$2:$E$81,2,FALSE),"Chưa cập nhật") -> Trần Thị Bình | E3: =IFERROR(VLOOKUP(TRIM(C3),DanhMucTacGia!$A$2:$E$81,4,FALSE),"Chưa cập nhật") -> P.305-B | F3: =IFERROR(VLOOKUP(TRIM(C3),DanhMucTacGia!$A$2:$E$81,5,FALSE),"Chưa cập nhật") -> 450000
A4: BC003 | B4: Báo cáo mẫu 03 | C4: TG003 | D4: =IFERROR(VLOOKUP(TRIM(C4),DanhMucTacGia!$A$2:$E$81,2,FALSE),"Chưa cập nhật") -> Lê Minh Châu | E4: =IFERROR(VLOOKUP(TRIM(C4),DanhMucTacGia!$A$2:$E$81,4,FALSE),"Chưa cập nhật") -> P.201-A | F4: =IFERROR(VLOOKUP(TRIM(C4),DanhMucTacGia!$A$2:$E$81,5,FALSE),"Chưa cập nhật") -> 500000
A5: BC004 | B5: Báo cáo mẫu 04 | C5: TG001 | D5: =IFERROR(VLOOKUP(TRIM(C5),DanhMucTacGia!$A$2:$E$81,2,FALSE),"Chưa cập nhật") -> Nguyễn Văn An | E5: =IFERROR(VLOOKUP(TRIM(C5),DanhMucTacGia!$A$2:$E$81,4,FALSE),"Chưa cập nhật") -> P.201-A | F5: =IFERROR(VLOOKUP(TRIM(C5),DanhMucTacGia!$A$2:$E$81,5,FALSE),"Chưa cập nhật") -> 500000
A6: BC005 | B6: Báo cáo mẫu 05 | C6: TG002 | D6: =IFERROR(VLOOKUP(TRIM(C6),DanhMucTacGia!$A$2:$E$81,2,FALSE),"Chưa cập nhật") -> Trần Thị Bình | E6: =IFERROR(VLOOKUP(TRIM(C6),DanhMucTacGia!$A$2:$E$81,4,FALSE),"Chưa cập nhật") -> P.305-B | F6: =IFERROR(VLOOKUP(TRIM(C6),DanhMucTacGia!$A$2:$E$81,5,FALSE),"Chưa cập nhật") -> 450000
A7: BC006 | B7: Báo cáo mẫu 06 | C7: TG003 | D7: =IFERROR(VLOOKUP(TRIM(C7),DanhMucTacGia!$A$2:$E$81,2,FALSE),"Chưa cập nhật") -> Lê Minh Châu | E7: =IFERROR(VLOOKUP(TRIM(C7),DanhMucTacGia!$A$2:$E$81,4,FALSE),"Chưa cập nhật") -> P.201-A | F7: =IFERROR(VLOOKUP(TRIM(C7),DanhMucTacGia!$A$2:$E$81,5,FALSE),"Chưa cập nhật") -> 500000
A8: BC007 | B8: Báo cáo mẫu 07 | C8: TG001 | D8: =IFERROR(VLOOKUP(TRIM(C8),DanhMucTacGia!$A$2:$E$81,2,FALSE),"Chưa cập nhật") -> Nguyễn Văn An | E8: =IFERROR(VLOOKUP(TRIM(C8),DanhMucTacGia!$A$2:$E$81,4,FALSE),"Chưa cập nhật") -> P.201-A | F8: =IFERROR(VLOOKUP(TRIM(C8),DanhMucTacGia!$A$2:$E$81,5,FALSE),"Chưa cập nhật") -> 500000
A9: BC008 | B9: Báo cáo mẫu 08 | C9: TG002 | D9: =IFERROR(VLOOKUP(TRIM(C9),DanhMucTacGia!$A$2:$E$81,2,FALSE),"Chưa cập nhật") -> Trần Thị Bình | E9: =IFERROR(VLOOKUP(TRIM(C9),DanhMucTacGia!$A$2:$E$81,4,FALSE),"Chưa cập nhật") -> P.305-B | F9: =IFERROR(VLOOKUP(TRIM(C9),DanhMucTacGia!$A$2:$E$81,5,FALSE),"Chưa cập nhật") -> 450000
A10: BC009 | B10: Báo cáo mẫu 09 | C10: TG003 | D10: =IFERROR(VLOOKUP(TRIM(C10),DanhMucTacGia!$A$2:$E$81,2,FALSE),"Chưa cập nhật") -> Lê Minh Châu | E10: =IFERROR(VLOOKUP(TRIM(C10),DanhMucTacGia!$A$2:$E$81,4,FALSE),"Chưa cập nhật") -> P.201-A | F10: =IFERROR(VLOOKUP(TRIM(C10),DanhMucTacGia!$A$2:$E$81,5,FALSE),"Chưa cập nhật") -> 500000
A11: BC010 | B11: Báo cáo mẫu 10 | C11: TG001 | D11: =IFERROR(VLOOKUP(TRIM(C11),DanhMucTacGia!$A$2:$E$81,2,FALSE),"Chưa cập nhật") -> Nguyễn Văn An | E11: =IFERROR(VLOOKUP(TRIM(C11),DanhMucTacGia!$A$2:$E$81,4,FALSE),"Chưa cập nhật") -> P.201-A | F11: =IFERROR(VLOOKUP(TRIM(C11),DanhMucTacGia!$A$2:$E$81,5,FALSE),"Chưa cập nhật") -> 500000
A12: BC011 | B12: Báo cáo mẫu 11 | C12: TG002 | D12: =IFERROR(VLOOKUP(TRIM(C12),DanhMucTacGia!$A$2:$E$81,2,FALSE),"Chưa cập nhật") -> Trần Thị Bình | E12: =IFERROR(VLOOKUP(TRIM(C12),DanhMucTacGia!$A$2:$E$81,4,FALSE),"Chưa cập nhật") -> P.305-B | F12: =IFERROR(VLOOKUP(TRIM(C12),DanhMucTacGia!$A$2:$E$81,5,FALSE),"Chưa cập nhật") -> 450000
A13: BC012 | B13: Báo cáo mẫu 12 | C13: TG003 | D13: =IFERROR(VLOOKUP(TRIM(C13),DanhMucTacGia!$A$2:$E$81,2,FALSE),"Chưa cập nhật") -> Lê Minh Châu | E13: =IFERROR(VLOOKUP(TRIM(C13),DanhMucTacGia!$A$2:$E$81,4,FALSE),"Chưa cập nhật") -> P.201-A | F13: =IFERROR(VLOOKUP(TRIM(C13),DanhMucTacGia!$A$2:$E$81,5,FALSE),"Chưa cập nhật") -> 500000
... A81: BC080 | B81: Báo cáo mẫu 80 | C81: EXT003 | D81: =IFERROR(VLOOKUP(TRIM(C81),DanhMucTacGia!$A$2:$E$81,2,FALSE),"Chưa cập nhật") -> Chưa cập nhật | E81: =IFERROR(VLOOKUP(TRIM(C81),DanhMucTacGia!$A$2:$E$81,4,FALSE),"Chưa cập nhật") -> Chưa cập nhật | F81: =IFERROR(VLOOKUP(TRIM(C81),DanhMucTacGia!$A$2:$E$81,5,FALSE),"Chưa cập nhật") -> Chưa cập nhật

Sheet DanhMucTacGia
A1: Mã TG | B1: Tên tác giả | C1: Khoa/Viện | D1: Phòng | E1: Thù lao (VNĐ)
A2: TG001 | B2: Nguyễn Văn An | C2: CNTT | D2: P.201-A | E2: 500000
A3: TG002 | B3: Trần Thị Bình | C3: Điện Tử | D3: P.305-B | E3: 450000
A4: TG003 | B4: Lê Minh Châu | C4: CNTT | D4: P.201-A | E4: 500000

Sheet PhanTich
A1: BÀI THỰC HÀNH EXCEL – VLOOKUP
A2: Mục tiêu: nối dữ liệu giữa hai sheet, xử lý khoảng trắng, mã không tồn tại và cố định vùng tra cứu.
A4: 1. PHÂN TÍCH I/O
A5: Thành phần | B5: Cột D – Tên tác giả | C5: Cột E – Phòng | D5: Cột F – Thù lao
A6: Lookup_value | B6: TRIM(C2) | C6: TRIM(C2) | D6: TRIM(C2)
A7: Table_array | B7: 'DanhMucTacGia'!$A$2:$E$81 | C7: 'DanhMucTacGia'!$A$2:$E$81 | D7: 'DanhMucTacGia'!$A$2:$E$81
A8: Col_index_num | B8: 2 | C8: 4 | D8: 5
A9: Range_lookup | B9: FALSE – khớp chính xác | C9: FALSE – khớp chính xác | D9: FALSE – khớp chính xác
A11: 2. CÔNG THỨC ÁP DỤNG
A12: Ô D2 | B12: =IFERROR(VLOOKUP(TRIM(C2),DanhMucTacGia!$A$2:$E$81,2,FALSE),"Chưa cập nhật") -> Chưa cập nhật
A13: Ô E2 | B13: =IFERROR(VLOOKUP(TRIM(C2),DanhMucTacGia!$A$2:$E$81,4,FALSE),"Chưa cập nhật") -> Chưa cập nhật
A14: Ô F2 | B14: =IFERROR(VLOOKUP(TRIM(C2),DanhMucTacGia!$A$2:$E$81,5,FALSE),"Chưa cập nhật") -> Chưa cập nhật
A16: 3. XỬ LÝ BẪY DỮ LIỆU
A17: Bẫy | B17: Giải pháp | C17: Tác dụng
A18: Khoảng trắng thừa | B18: TRIM(C2) | C18: Loại bỏ khoảng trắng đầu/cuối mã cần tìm.
A19: Mã chưa có trong danh mục | B19: IFERROR(...,"Chưa cập nhật") | C19: Thay lỗi #N/A bằng thông báo rõ ràng.
A20: Vùng tra cứu bị dịch | B20: Cố định $A$2:$E$81 | C20: Giữ nguyên bảng tra cứu khi sao chép công thức.
A21: Quên dấu $ | B21: A2:E81 → A5:E84 khi kéo từ hàng 2 xuống hàng 5 | C21: Vùng bị dịch xuống, có thể bỏ sót mã ở đầu danh mục.
A23: 4. QUY TRÌNH THỰC HIỆN
A24: 1. Kiểm tra mã tác giả ở cột C và danh mục mã ở cột A.
A25: 2. Nhập ba công thức tương ứng tại D2, E2 và F2.
A26: 3. Sao chép/kéo công thức xuống hết hàng 81.
A27: 4. Kiểm tra ô hiển thị “Chưa cập nhật” và bổ sung danh mục nếu có dữ liệu.
A28: 5. Lưu workbook; đưa file Excel và phần phân tích lên repository GitHub.
